,className,classStanding,isTransfer,major,gpa,age,gender,exerciseHrs,gymVisits,mentalHealth,timeToSleep,hrsSleep,energyLevels,caffeineFreq,caffeineType,caffeineIntake,units
0,CS105,Junior,1,Data Science major,3.67 - 4.0,20 - 22,Male,2 - 3 hours,3 - 4 times,5,15 - 30 minutes,6 - 7 hours,5,Once per week,"Tea, Coffee",Less than 12 oz (about 1 cup),17
1,CS105,Senior,0,CS major,3.67 - 4.0,20 - 22,Male,0 -1 hours,"0, I don't go to the gym",4,30 - 45 minutes,6 - 7 hours,4,Once per week,Coffee,Less than 12 oz (about 1 cup),16
2,CS105,Junior,0,Data Science major,3.67 - 4.0,20 - 22,Female,0 -1 hours,1 - 2 times,2,0 - 15 minutes,5 - 6 hours,2,Multiple times per week,"Tea, Coffee, Energy drink",Less than 12 oz (about 1 cup),16
3,CS105,Junior,0,CS major,3.34 - 3.66,20 - 22,Male,More than 5+ hours,5 - 6 times,3,15 - 30 minutes,6 - 7 hours,3,Multiple times per week,Other,Less than 12 oz (about 1 cup),17
4,CS105,Junior,0,CS major,3.67 - 4.0,18 - 20,Female,0 -1 hours,"0, I don't go to the gym",4,30 - 45 minutes,5 - 6 hours,2,Once per week,Tea,Less than 12 oz (about 1 cup),15
5,CS105,Senior,0,CSBA major,3.00 - 3.33,20 - 22,Male,2 - 3 hours,3 - 4 times,3,0 - 15 minutes,5 - 6 hours,3,Once per month,Energy drink,Less than 12 oz (about 1 cup),18
6,CS105,Junior,0,Other,3.34 - 3.66,18 - 20,Female,0 -1 hours,"0, I don't go to the gym",3,30 - 45 minutes,5 - 6 hours,2,Multiple times per week,Coffee,12-24 oz (1 - 2 cups),12
7,CS105,Junior,0,CS major,3.34 - 3.66,18 - 20,Female,0 -1 hours,"0, I don't go to the gym",3,15 - 30 minutes,6 - 7 hours,2,Multiple times per week,"Coffee, Energy drink",12-24 oz (1 - 2 cups),17
8,CS105,Senior,0,CS major,3.00 - 3.33,20 - 22,Female,0 -1 hours,1 - 2 times,2,0 - 15 minutes,6 - 7 hours,2,Once per week,"Tea, Energy drink",12-24 oz (1 - 2 cups),13
9,CS105,Senior,0,CS major,3.00 - 3.33,20 - 22,Male,2 - 3 hours,1 - 2 times,4,30 - 45 minutes,6 - 7 hours,3,Multiple times per week,"Tea, Coffee, Energy drink",12-24 oz (1 - 2 cups),12
10,CS105,Senior,0,CS major,3.34 - 3.66,22 - 24,Male,0 -1 hours,"0, I don't go to the gym",3,30 - 45 minutes,5 - 6 hours,1,Multiple times per week,"Tea, Coffee, Energy drink",25-48 oz (2 - 4 cups),16
11,CS105,Senior,0,Data Science major,3.67 - 4.0,20 - 22,Male,More than 5+ hours,5 - 6 times,4,15 - 30 minutes,8 - 9 hours,4,Multiple times per week,Tea,0 oz,16
12,CS105,Senior,1,Data Science major,2.50 - 2.99,22 - 24,Female,2 - 3 hours,1 - 2 times,2,30 - 45 minutes,7 - 8 hours,3,Once per day,Tea,Less than 12 oz (about 1 cup),12
13,"CS105, CS111",Junior,0,Data Science major,3.34 - 3.66,20 - 22,Male,4 - 5 hours,3 - 4 times,2,15 - 30 minutes,4 - 5 hours,2,Once per week,Energy drink,0 oz,16
14,"CS105, CS111, CS10C",Junior,1,Data Science major,Prefer not to say,22 - 24,Male,2 - 3 hours,3 - 4 times,4,30 - 45 minutes,5 - 6 hours,3,Multiple times per week,"Tea, Coffee, Energy drink",25-48 oz (2 - 4 cups),12
15,"CS105, CS111",Junior,0,Data Science major,3.34 - 3.66,20 - 22,Male,4 - 5 hours,1 - 2 times,4,15 - 30 minutes,8 - 9 hours,4,Multiple times per week,"Tea, Coffee, Energy drink",Less than 12 oz (about 1 cup),17
16,CS105,Senior,0,Mathematics major,3.34 - 3.66,20 - 22,Male,2 - 3 hours,"0, I don't go to the gym",4,45 - 60 minutes,6 - 7 hours,4,I don't consume them at all,None,0 oz,12
17,CS105,Senior,0,CS major,3.67 - 4.0,20 - 22,Male,0 -1 hours,"0, I don't go to the gym",3,0 - 15 minutes,5 - 6 hours,3,Once per week,None,0 oz,16
18,CS105,Junior,0,Data Science major,2.50 - 2.99,20 - 22,Female,More than 5+ hours,3 - 4 times,3,30 - 45 minutes,7 - 8 hours,1,I don't consume them at all,Energy drink,Less than 12 oz (about 1 cup),12
19,CS111,Junior,0,CS major,3.67 - 4.0,20 - 22,Male,0 -1 hours,"0, I don't go to the gym",3,15 - 30 minutes,4 - 5 hours,3,I don't consume them at all,None,0 oz,13
20,CS111,Junior,0,CS major,3.67 - 4.0,20 - 22,Female,0 -1 hours,1 - 2 times,3,15 - 30 minutes,6 - 7 hours,2,Once per day,Energy drink,12-24 oz (1 - 2 cups),17
21,CS111,Junior,0,Other,3.67 - 4.0,18 - 20,Male,0 -1 hours,"0, I don't go to the gym",3,15 - 30 minutes,6 - 7 hours,3,Once per week,Coffee,Less than 12 oz (about 1 cup),20
22,CS111,Junior,1,CS major,3.67 - 4.0,20 - 22,Female,2 - 3 hours,1 - 2 times,3,15 - 30 minutes,6 - 7 hours,3,Multiple times per week,"Tea, Coffee",Less than 12 oz (about 1 cup),13
23,CS111,Junior,0,CS major,3.67 - 4.0,18 - 20,Male,2 - 3 hours,1 - 2 times,3,15 - 30 minutes,5 - 6 hours,3,I don't consume them at all,None,0 oz,18
24,CS111,Senior,0,Other,3.67 - 4.0,20 - 22,Male,4 - 5 hours,1 - 2 times,4,30 - 45 minutes,6 - 7 hours,3,Multiple times per week,Coffee,Less than 12 oz (about 1 cup),18
25,CS111,Sophomore,0,CS major,3.67 - 4.0,18 - 20,Female,2 - 3 hours,1 - 2 times,3,0 - 15 minutes,4 - 5 hours,3,Once per week,"Tea, Coffee, Energy drink",Less than 12 oz (about 1 cup),18
26,CS111,Sophomore,0,CS major,3.67 - 4.0,18 - 20,Male,0 -1 hours,"0, I don't go to the gym",3,15 - 30 minutes,6 - 7 hours,3,I don't consume them at all,None,0 oz,18
27,CS111,Junior,0,CS major,3.67 - 4.0,18 - 20,Female,2 - 3 hours,"0, I don't go to the gym",4,0 - 15 minutes,5 - 6 hours,3,I don't consume them at all,None,0 oz,17
28,CS111,Junior,0,Mathematics major,3.67 - 4.0,18 - 20,Male,2 - 3 hours,"0, I don't go to the gym",2,0 - 15 minutes,6 - 7 hours,3,I don't consume them at all,None,0 oz,16
29,CS111,Junior,0,CS major,2.50 - 2.99,20 - 22,Male,4 - 5 hours,3 - 4 times,1,15 - 30 minutes,7 - 8 hours,1,multiple times a day,"Coffee, Energy drink",12-24 oz (1 - 2 cups),12
30,CS111,Junior,0,Data Science major,3.34 - 3.66,18 - 20,Female,0 -1 hours,"0, I don't go to the gym",3,30 - 45 minutes,6 - 7 hours,3,Once per week,Tea,12-24 oz (1 - 2 cups),20
31,CS111,Sophomore,0,CS major,3.67 - 4.0,18 - 20,Male,2 - 3 hours,"0, I don't go to the gym",3,0 - 15 minutes,9 - 10 hours,3,I don't consume them at all,None,0 oz,13
32,CS111,Junior,0,Data Science major,3.00 - 3.33,20 - 22,Male,0 -1 hours,"0, I don't go to the gym",4,15 - 30 minutes,5 - 6 hours,3,I don't consume them at all,None,0 oz,12
33,"CS105, CS111",Junior,0,CS major,2.50 - 2.99,20 - 22,Male,0 -1 hours,"0, I don't go to the gym",3,30 - 45 minutes,6 - 7 hours,3,Multiple times per week,"Tea, Coffee",12-24 oz (1 - 2 cups),12
34,CS105,Junior,0,Data Science major,3.34 - 3.66,20 - 22,Female,4 - 5 hours,5 - 6 times,4,15 - 30 minutes,7 - 8 hours,4,Once per week,"Tea, Coffee",0 oz,13
35,CS111,Junior,0,CS major,3.67 - 4.0,18 - 20,Female,0 -1 hours,"0, I don't go to the gym",3,0 - 15 minutes,6 - 7 hours,3,maybe once or a few times a month,Other,Less than 12 oz (about 1 cup),19
36,CS105,Senior,0,CSBA major,3.34 - 3.66,20 - 22,Female,2 - 3 hours,"0, I don't go to the gym",3,15 - 30 minutes,6 - 7 hours,4,I don't consume them at all,None,0 oz,16
37,CS111,Junior,0,CS major,3.34 - 3.66,20 - 22,Female,0 -1 hours,"0, I don't go to the gym",2,30 - 45 minutes,6 - 7 hours,2,I don't consume them at all,None,0 oz,12
38,CS111,Junior,0,CSBA major,3.67 - 4.0,20 - 22,Male,4 - 5 hours,"0, I don't go to the gym",4,60+ minutes,6 - 7 hours,4,I don't consume them at all,None,0 oz,16
39,CS111,Junior,0,CSBA major,2.50 - 2.99,18 - 20,Female,4 - 5 hours,3 - 4 times,2,0 - 15 minutes,6 - 7 hours,4,I don't consume them at all,None,0 oz,14
40,CS105,Senior,0,Other,3.34 - 3.66,20 - 22,Male,More than 5+ hours,5 - 6 times,3,30 - 45 minutes,7 - 8 hours,4,Once per day,"Tea, Coffee, Energy drink",12-24 oz (1 - 2 cups),16
41,"CS105, CS111",Junior,0,CSBA major,3.00 - 3.33,20 - 22,Female,0 -1 hours,1 - 2 times,4,60+ minutes,8 - 9 hours,2,Once per week,Energy drink,Less than 12 oz (about 1 cup),12
42,CS105,Graduate,0,Other,3.67 - 4.0,26+,Female,2 - 3 hours,1 - 2 times,4,15 - 30 minutes,6 - 7 hours,4,I don't consume them at all,None,0 oz,12
43,"CS105, CS111",Senior,1,CS major,3.00 - 3.33,22 - 24,Male,2 - 3 hours,1 - 2 times,3,45 - 60 minutes,6 - 7 hours,3,I don't consume them at all,None,0 oz,13
44,CS105,Senior,1,CS major,2.00 - 2.49,26+,Male,0 -1 hours,"0, I don't go to the gym",3,15 - 30 minutes,6 - 7 hours,3,Once per week,"Tea, Energy drink",Less than 12 oz (about 1 cup),16
45,CS105,Senior,0,CS major,3.00 - 3.33,22 - 24,Male,2 - 3 hours,"0, I don't go to the gym",4,15 - 30 minutes,6 - 7 hours,3,I don't consume them at all,None,0 oz,13
46,CS105,Senior,0,CS major,3.67 - 4.0,20 - 22,Non-binary,2 - 3 hours,"0, I don't go to the gym",2,0 - 15 minutes,5 - 6 hours,2,Once per day,"Tea, Coffee, Energy drink",25-48 oz (2 - 4 cups),12
47,CS105,Junior,0,Data Science major,3.67 - 4.0,20 - 22,Non-binary,More than 5+ hours,3 - 4 times,4,60+ minutes,6 - 7 hours,4,Once per week,"Tea, Coffee",0 oz,18
48,CS105,Junior,0,CS major,3.34 - 3.66,20 - 22,Non-binary,4 - 5 hours,3 - 4 times,2,15 - 30 minutes,7 - 8 hours,3,Once per day,"Energy drink, soda",12-24 oz (1 - 2 cups),18
49,CS111,Junior,0,CS major,3.34 - 3.66,18 - 20,Male,More than 5+ hours,3 - 4 times,3,30 - 45 minutes,7 - 8 hours,3,Once per week,Energy drink,Less than 12 oz (about 1 cup),13
50,CS105,Junior,0,Data Science major,3.34 - 3.66,20 - 22,Male,0 -1 hours,"0, I don't go to the gym",3,15 - 30 minutes,8 - 9 hours,3,Multiple times per week,Energy drink,25-48 oz (2 - 4 cups),20
51,CS111,Junior,1,CEN or EE major,Prefer not to say,20 - 22,Female,0 -1 hours,"0, I don't go to the gym",3,0 - 15 minutes,7 - 8 hours,3,I don't consume them at all,None,0 oz,12
52,CS105,Junior,0,Data Science major,3.34 - 3.66,20 - 22,Male,0 -1 hours,"0, I don't go to the gym",4,30 - 45 minutes,6 - 7 hours,3,Multiple times per week,Coffee,12-24 oz (1 - 2 cups),12
53,CS111,Junior,1,CS major,2.50 - 2.99,24 - 26,Female,2 - 3 hours,3 - 4 times,2,15 - 30 minutes,5 - 6 hours,2,Once per day,Tea,Less than 12 oz (about 1 cup),17
54,CS105,Senior,0,Other,3.67 - 4.0,20 - 22,Female,4 - 5 hours,"0, I don't go to the gym",3,15 - 30 minutes,5 - 6 hours,3,Once per week,"Tea, Coffee",Less than 12 oz (about 1 cup),15
55,CS111,Junior,0,CS major,3.67 - 4.0,18 - 20,Male,0 -1 hours,"0, I don't go to the gym",5,0 - 15 minutes,8 - 9 hours,5,I don't consume them at all,None,0 oz,17
56,CS111,Junior,0,Other,3.67 - 4.0,18 - 20,Female,2 - 3 hours,1 - 2 times,2,15 - 30 minutes,7 - 8 hours,4,Once per week,Tea,Less than 12 oz (about 1 cup),17
57,CS111,Junior,0,CS major,Prefer not to say,20 - 22,Male,More than 5+ hours,5 - 6 times,4,30 - 45 minutes,6 - 7 hours,4,I don't consume them at all,"Tea, Energy drink",Less than 12 oz (about 1 cup),20
58,CS105,Junior,0,Other,3.34 - 3.66,18 - 20,Male,2 - 3 hours,5 - 6 times,3,0 - 15 minutes,5 - 6 hours,4,Once per day,"Energy drink, Matcha",12-24 oz (1 - 2 cups),17
59,CS111,Sophomore,0,CS major,3.67 - 4.0,18 - 20,Female,0 -1 hours,"0, I don't go to the gym",3,15 - 30 minutes,6 - 7 hours,3,Once per day,Coffee,12-24 oz (1 - 2 cups),16
60,CS111,Junior,0,CS major,3.00 - 3.33,20 - 22,Male,More than 5+ hours,5 - 6 times,2,30 - 45 minutes,7 - 8 hours,3,once in a blue moon if i dont get enough sleep,"Tea, Coffee, Energy drink",0 oz,17
61,CS105,Graduate,1,Data Science major,2.50 - 2.99,20 - 22,Male,0 -1 hours,"0, I don't go to the gym",2,30 - 45 minutes,5 - 6 hours,2,once every 2 days,"Tea, Energy drink, Soda",Less than 12 oz (about 1 cup),14
62,CS111,Junior,0,CS major,3.00 - 3.33,20 - 22,Male,More than 5+ hours,5 - 6 times,5,15 - 30 minutes,7 - 8 hours,4,Multiple times per week,"Tea, Coffee",Less than 12 oz (about 1 cup),16
63,CS111,Senior,0,CSBA major,Prefer not to say,Prefer not to say,Prefer not to say,Prefer not to say,"0, I don't go to the gym",3,15 - 30 minutes,6 - 7 hours,3,I don't consume them at all,None,0 oz,13
64,CS111,Junior,0,CSBA major,3.67 - 4.0,20 - 22,Female,0 -1 hours,"0, I don't go to the gym",2,45 - 60 minutes,5 - 6 hours,3,Once per week,"Tea, Coffee",Less than 12 oz (about 1 cup),12
65,CS111,Junior,1,CS major,3.67 - 4.0,18 - 20,Male,2 - 3 hours,"0, I don't go to the gym",5,0 - 15 minutes,7 - 8 hours,4,I don't consume them at all,None,0 oz,17
66,CS111,Junior,0,Mathematics major,3.67 - 4.0,20 - 22,Male,2 - 3 hours,1 - 2 times,4,30 - 45 minutes,5 - 6 hours,3,I don't consume them at all,None,0 oz,16
67,CS111,Senior,0,CSBA major,3.34 - 3.66,18 - 20,Male,More than 5+ hours,More than 6 times,2,60+ minutes,0 - 3 hours,4,I don't consume them at all,None,0 oz,14
68,CS105,Junior,0,Data Science major,3.67 - 4.0,18 - 20,Male,4 - 5 hours,3 - 4 times,3,15 - 30 minutes,7 - 8 hours,4,I don't consume them at all,None,0 oz,16
69,CS105,Junior,1,CS major,2.00 - 2.49,26+,Male,0 -1 hours,"0, I don't go to the gym",4,30 - 45 minutes,6 - 7 hours,4,I don't consume them at all,None,0 oz,9
70,CS111,Junior,0,CEN or EE major,2.50 - 2.99,20 - 22,Male,0 -1 hours,"0, I don't go to the gym",2,15 - 30 minutes,6 - 7 hours,3,I don't consume them at all,Tea,Less than 12 oz (about 1 cup),13
71,CS111,Junior,1,CS major,Prefer not to say,20 - 22,Male,More than 5+ hours,1 - 2 times,2,0 - 15 minutes,5 - 6 hours,4,Multiple times per week,Energy drink,Less than 12 oz (about 1 cup),13
72,CS111,Junior,0,CEN or EE major,2.50 - 2.99,20 - 22,Male,0 -1 hours,1 - 2 times,5,0 - 15 minutes,6 - 7 hours,3,Once per week,"Coffee, Energy drink",0 oz,16
73,"CS105, CS111",Junior,1,CS major,Less than 2.0,22 - 24,Male,0 -1 hours,5 - 6 times,1,60+ minutes,5 - 6 hours,3,Multiple times per week,Energy drink,25-48 oz (2 - 4 cups),12
74,CS111,Junior,0,CS major,3.67 - 4.0,20 - 22,Female,0 -1 hours,1 - 2 times,3,0 - 15 minutes,4 - 5 hours,3,Multiple times per week,"Tea, Coffee, Energy drink",Less than 12 oz (about 1 cup),17
75,CS111,Junior,0,CS major,3.67 - 4.0,18 - 20,Male,2 - 3 hours,"0, I don't go to the gym",2,30 - 45 minutes,7 - 8 hours,2,I don't consume them at all,None,0 oz,14
76,CS111,Junior,1,CEN or EE major,3.34 - 3.66,20 - 22,Male,2 - 3 hours,"0, I don't go to the gym",1,30 - 45 minutes,6 - 7 hours,2,Multiple times per week,Coffee,25-48 oz (2 - 4 cups),16
77,CS105,Senior,0,CS major,Prefer not to say,22 - 24,Male,0 -1 hours,1 - 2 times,3,15 - 30 minutes,7 - 8 hours,2,Multiple times per week,Tea,Less than 12 oz (about 1 cup),16
78,CS111,Junior,0,Other,3.67 - 4.0,18 - 20,Male,More than 5+ hours,3 - 4 times,4,0 - 15 minutes,6 - 7 hours,3,Once per day,"Tea, Coffee, Energy drink",12-24 oz (1 - 2 cups),17
79,"CS105, CS111",Junior,1,Data Science major,Prefer not to say,24 - 26,Male,0 -1 hours,1 - 2 times,2,60+ minutes,4 - 5 hours,2,Twice a month,Coffee,Less than 12 oz (about 1 cup),18
80,CS111,Junior,0,CS major,3.67 - 4.0,18 - 20,Female,0 -1 hours,"0, I don't go to the gym",4,0 - 15 minutes,5 - 6 hours,3,Multiple times per week,"Tea, Coffee",Less than 12 oz (about 1 cup),18
81,CS105,Senior,0,CS major,2.50 - 2.99,20 - 22,Male,More than 5+ hours,5 - 6 times,3,15 - 30 minutes,5 - 6 hours,3,Multiple times per week,"Coffee, Energy drink",More than 72 oz (over 6 cups),20
82,CS105,Senior,0,CS major,3.67 - 4.0,20 - 22,Male,4 - 5 hours,3 - 4 times,4,45 - 60 minutes,6 - 7 hours,4,I don't consume them at all,None,0 oz,12
83,CS111,Junior,0,CEN or EE major,3.34 - 3.66,20 - 22,Male,4 - 5 hours,3 - 4 times,3,15 - 30 minutes,6 - 7 hours,2,Once per week,"Tea, Coffee",Less than 12 oz (about 1 cup),16
84,CS105,Graduate,0,Data Science major,Prefer not to say,20 - 22,Male,Prefer not to say,"0, I don't go to the gym",4,15 - 30 minutes,5 - 6 hours,2,I don't consume them at all,None,12-24 oz (1 - 2 cups),16
85,CS111,Senior,0,Mathematics major,3.67 - 4.0,20 - 22,Female,0 -1 hours,1 - 2 times,3,15 - 30 minutes,5 - 6 hours,3,Once per week,"Tea, Coffee",Less than 12 oz (about 1 cup),12
86,CS105,Junior,0,Other,3.34 - 3.66,20 - 22,Female,0 -1 hours,"0, I don't go to the gym",2,0 - 15 minutes,5 - 6 hours,3,Multiple times per week,"Tea, Coffee",12-24 oz (1 - 2 cups),17
87,CS111,Junior,0,CS major,3.34 - 3.66,20 - 22,Male,More than 5+ hours,5 - 6 times,3,15 - 30 minutes,7 - 8 hours,3,Once per day,Energy drink,Less than 12 oz (about 1 cup),12
88,CS105,Senior,0,CSBA major,3.34 - 3.66,20 - 22,Male,More than 5+ hours,5 - 6 times,4,0 - 15 minutes,6 - 7 hours,3,Once per day,"Tea, pre-workout",12-24 oz (1 - 2 cups),12
89,CS111,Junior,0,CS major,3.00 - 3.33,18 - 20,Female,2 - 3 hours,1 - 2 times,4,15 - 30 minutes,8 - 9 hours,4,Once per day,Coffee,Less than 12 oz (about 1 cup),22
90,CS105,Junior,0,Other,3.67 - 4.0,18 - 20,Male,0 -1 hours,"0, I don't go to the gym",3,0 - 15 minutes,6 - 7 hours,3,I don't consume them at all,None,0 oz,14
91,CS105,Senior,0,Data Science major,3.34 - 3.66,20 - 22,Female,2 - 3 hours,"0, I don't go to the gym",4,15 - 30 minutes,6 - 7 hours,4,I don't consume them at all,Coffee,Less than 12 oz (about 1 cup),16
92,CS105,Senior,1,CS major,3.67 - 4.0,24 - 26,Male,2 - 3 hours,1 - 2 times,4,0 - 15 minutes,7 - 8 hours,4,I don't consume them at all,None,0 oz,16
93,CS105,Junior,0,Other,3.00 - 3.33,20 - 22,Male,4 - 5 hours,3 - 4 times,4,45 - 60 minutes,7 - 8 hours,3,Multiple times per week,Coffee,12-24 oz (1 - 2 cups),14
94,CS10C,Junior,1,CS major,Prefer not to say,20 - 22,Male,2 - 3 hours,"0, I don't go to the gym",4,15 - 30 minutes,4 - 5 hours,4,I don't consume them at all,None,0 oz,17
95,CS10C,Sophomore,0,CSBA major,3.34 - 3.66,18 - 20,Male,0 -1 hours,3 - 4 times,3,15 - 30 minutes,6 - 7 hours,3,Once per week,Coffee,Less than 12 oz (about 1 cup),17
96,CS10C,Sophomore,0,CSBA major,3.34 - 3.66,18 - 20,Female,2 - 3 hours,1 - 2 times,2,30 - 45 minutes,5 - 6 hours,3,every once in a while,Energy drink,Less than 12 oz (about 1 cup),16
97,CS10C,Junior,1,CS major,3.67 - 4.0,20 - 22,Male,0 -1 hours,1 - 2 times,4,15 - 30 minutes,6 - 7 hours,4,I don't consume them at all,None,0 oz,13
98,CS105,Junior,0,Other,3.34 - 3.66,20 - 22,Prefer not to say,0 -1 hours,"0, I don't go to the gym",2,0 - 15 minutes,5 - 6 hours,3,Occasionally ,Tea,Less than 12 oz (about 1 cup),17
99,CS105,Junior,1,Data Science major,3.67 - 4.0,26+,Male,2 - 3 hours,3 - 4 times,5,15 - 30 minutes,7 - 8 hours,5,Multiple times per week,"Tea, Energy drink",12-24 oz (1 - 2 cups),13
100,CS105,Senior,0,Other,3.00 - 3.33,20 - 22,Male,4 - 5 hours,3 - 4 times,4,30 - 45 minutes,7 - 8 hours,4,I don't consume them at all,Energy drink,0 oz,12
101,CS111,Junior,0,Mathematics major,Prefer not to say,18 - 20,Male,Prefer not to say,More than 6 times,2,45 - 60 minutes,7 - 8 hours,5,I don't consume them at all,None,0 oz,13
102,CS105,Senior,0,CS major,3.67 - 4.0,20 - 22,Male,0 -1 hours,"0, I don't go to the gym",2,60+ minutes,6 - 7 hours,3,Once per week,Tea,Less than 12 oz (about 1 cup),12
103,CS10C,Sophomore,0,Data Science major,3.67 - 4.0,18 - 20,Male,4 - 5 hours,3 - 4 times,2,30 - 45 minutes,8 - 9 hours,3,Once per week,"Tea, Coffee, Energy drink",12-24 oz (1 - 2 cups),14
104,CS105,Senior,0,Other,3.67 - 4.0,20 - 22,Male,2 - 3 hours,1 - 2 times,4,15 - 30 minutes,7 - 8 hours,3,A few times a month,"Tea, Coffee",Less than 12 oz (about 1 cup),13
105,CS105,Senior,0,CS major,2.50 - 2.99,20 - 22,Male,More than 5+ hours,5 - 6 times,4,0 - 15 minutes,7 - 8 hours,4,Multiple times per week,Coffee,12-24 oz (1 - 2 cups),16
106,CS10C,Sophomore,0,Data Science major,3.67 - 4.0,18 - 20,Male,2 - 3 hours,3 - 4 times,3,0 - 15 minutes,7 - 8 hours,2,I don't consume them at all,None,0 oz,16.5
107,CS111,Junior,0,Data Science major,3.34 - 3.66,18 - 20,Male,4 - 5 hours,1 - 2 times,3,0 - 15 minutes,6 - 7 hours,2,Multiple times per week,"Coffee, Energy drink",12-24 oz (1 - 2 cups),16
108,CS105,Senior,0,CSBA major,3.67 - 4.0,20 - 22,Male,2 - 3 hours,1 - 2 times,2,0 - 15 minutes,7 - 8 hours,4,I don't consume them at all,None,0 oz,16
109,CS105,Senior,1,CS major,3.34 - 3.66,22 - 24,Male,4 - 5 hours,3 - 4 times,4,15 - 30 minutes,6 - 7 hours,3,Twice a week,"Tea, Coffee, Energy drink",12-24 oz (1 - 2 cups),12
110,CS105,Senior,0,CS major,3.34 - 3.66,20 - 22,Male,4 - 5 hours,5 - 6 times,4,15 - 30 minutes,5 - 6 hours,3,Multiple times per week,Energy drink,Less than 12 oz (about 1 cup),16
111,CS10C,Sophomore,0,CS major,2.00 - 2.49,18 - 20,Male,2 - 3 hours,1 - 2 times,1,15 - 30 minutes,6 - 7 hours,3,I don't consume them at all,None,0 oz,16
112,CS10C,Junior,0,CS major,2.50 - 2.99,18 - 20,Male,0 -1 hours,"0, I don't go to the gym",2,15 - 30 minutes,7 - 8 hours,3,Once per week,Coffee,Less than 12 oz (about 1 cup),16
113,CS111,Junior,0,CEN or EE major,3.34 - 3.66,20 - 22,Male,0 -1 hours,"0, I don't go to the gym",2,0 - 15 minutes,6 - 7 hours,4,I don't consume them at all,"Tea, Matcha",0 oz,12
114,CS10C,Junior,1,CS major,3.34 - 3.66,20 - 22,Male,0 -1 hours,"0, I don't go to the gym",1,30 - 45 minutes,5 - 6 hours,3,Once per month,Coffee,0 oz,12
115,CS111,Junior,0,CEN or EE major,2.50 - 2.99,20 - 22,Male,0 -1 hours,"0, I don't go to the gym",3,15 - 30 minutes,5 - 6 hours,3,Once per week,Coffee,12-24 oz (1 - 2 cups),13
116,CS111,Junior,0,CEN or EE major,3.00 - 3.33,20 - 22,Female,0 -1 hours,"0, I don't go to the gym",1,30 - 45 minutes,6 - 7 hours,2,I don't consume them at all,"Tea, Coffee, Energy drink, that is when i do drink it from some reason (btw)",Less than 12 oz (about 1 cup),17.5
117,CS111,Junior,0,CSBA major,3.34 - 3.66,20 - 22,Male,More than 5+ hours,3 - 4 times,3,15 - 30 minutes,5 - 6 hours,3,Once per day,Energy drink,12-24 oz (1 - 2 cups),16
118,CS10C,Sophomore,0,CSBA major,3.34 - 3.66,18 - 20,Male,2 - 3 hours,3 - 4 times,2,15 - 30 minutes,7 - 8 hours,3,Used to but i stopped,"Tea, Coffee, Energy drink",0 oz,12
119,CS111,Senior,0,CS major,2.50 - 2.99,20 - 22,Male,4 - 5 hours,5 - 6 times,2,15 - 30 minutes,4 - 5 hours,1,Once per week,"Coffee, Energy drink",Less than 12 oz (about 1 cup),12
120,CS10C,Sophomore,0,Data Science major,3.67 - 4.0,18 - 20,Male,More than 5+ hours,3 - 4 times,4,15 - 30 minutes,6 - 7 hours,3,Once per week,Energy drink,12-24 oz (1 - 2 cups),17
121,CS10C,Sophomore,0,Data Science major,2.50 - 2.99,18 - 20,Male,2 - 3 hours,5 - 6 times,3,15 - 30 minutes,6 - 7 hours,2,Once per week,"Tea, Energy drink",Less than 12 oz (about 1 cup),16
122,CS105,Senior,0,Other,3.67 - 4.0,20 - 22,Female,0 -1 hours,"0, I don't go to the gym",1,60+ minutes,0 - 3 hours,1,Once per day,"Tea, Coffee, Energy drink",25-48 oz (2 - 4 cups),15
123,CS10C,Sophomore,0,Mathematics major,3.00 - 3.33,18 - 20,Female,0 -1 hours,"0, I don't go to the gym",2,30 - 45 minutes,6 - 7 hours,2,Once per week,Tea,12-24 oz (1 - 2 cups),17
124,CS111,Junior,0,CS major,3.34 - 3.66,20 - 22,Male,0 -1 hours,"0, I don't go to the gym",2,30 - 45 minutes,4 - 5 hours,3,Once per day,"Coffee, Energy drink",12-24 oz (1 - 2 cups),18
125,CS10C,Sophomore,0,CS major,2.00 - 2.49,26+,Male,4 - 5 hours,3 - 4 times,4,30 - 45 minutes,5 - 6 hours,3,Once per day,"Coffee, Energy drink",25-48 oz (2 - 4 cups),12
126,CS111,Sophomore,0,Other,3.34 - 3.66,18 - 20,Transfem,0 -1 hours,"0, I don't go to the gym",1,60+ minutes,6 - 7 hours,4,Multiple times per week,Tea,25-48 oz (2 - 4 cups),13
127,CS10C,Junior,1,CS major,3.00 - 3.33,22 - 24,Male,More than 5+ hours,5 - 6 times,3,15 - 30 minutes,5 - 6 hours,2,Once per day,"Tea, Energy drink",Less than 12 oz (about 1 cup),13
128,"CS111, CS10C",Junior,0,Other,Prefer not to say,20 - 22,Male,More than 5+ hours,3 - 4 times,1,15 - 30 minutes,5 - 6 hours,1,I don't consume them at all,None,0 oz,13
129,CS105,Graduate,0,CS major,3.34 - 3.66,24 - 26,Male,0 -1 hours,"0, I don't go to the gym",3,60+ minutes,7 - 8 hours,3,Once per week,Tea,Less than 12 oz (about 1 cup),12
130,CS105,Junior,0,Other,3.67 - 4.0,20 - 22,Male,4 - 5 hours,3 - 4 times,3,15 - 30 minutes,4 - 5 hours,3,Multiple times per week,"Tea, Coffee, Energy drink",25-48 oz (2 - 4 cups),17
131,CS111,Junior,0,CS major,3.00 - 3.33,20 - 22,Female,2 - 3 hours,1 - 2 times,3,0 - 15 minutes,5 - 6 hours,3,Once per day,"Tea, Coffee",25-48 oz (2 - 4 cups),14
132,CS111,Junior,0,Data Science major,2.50 - 2.99,20 - 22,Male,Prefer not to say,"0, I don't go to the gym",3,15 - 30 minutes,7 - 8 hours,3,Once per week,"Coffee, Energy drink",0 oz,13
133,CS111,Junior,0,CS major,3.67 - 4.0,18 - 20,Male,More than 5+ hours,3 - 4 times,4,30 - 45 minutes,6 - 7 hours,3,Multiple times per week,Coffee,More than 72 oz (over 6 cups),14
134,CS111,Junior,0,CS major,3.67 - 4.0,20 - 22,Male,4 - 5 hours,3 - 4 times,2,30 - 45 minutes,6 - 7 hours,2,Once per week,"Tea, Coffee",Less than 12 oz (about 1 cup),16
135,CS10C,Sophomore,1,CS major,3.00 - 3.33,18 - 20,Female,4 - 5 hours,"0, I don't go to the gym",2,45 - 60 minutes,6 - 7 hours,2,Once per day,Coffee,Less than 12 oz (about 1 cup),13
136,CS111,Junior,0,CEN or EE major,3.00 - 3.33,20 - 22,Female,2 - 3 hours,3 - 4 times,2,45 - 60 minutes,5 - 6 hours,2,Once per day,Coffee,25-48 oz (2 - 4 cups),16
137,CS111,Junior,1,CS major,3.67 - 4.0,20 - 22,Male,More than 5+ hours,"0, I don't go to the gym",3,15 - 30 minutes,6 - 7 hours,2,Once a month,Energy drink,0 oz,12
138,CS105,Junior,1,CS major,Prefer not to say,20 - 22,Male,2 - 3 hours,1 - 2 times,2,15 - 30 minutes,5 - 6 hours,3,Multiple times per week,"Coffee, Energy drink",Less than 12 oz (about 1 cup),18
139,CS10C,Junior,1,CEN or EE major,3.67 - 4.0,26+,Female,2 - 3 hours,3 - 4 times,1,60+ minutes,4 - 5 hours,1,Once per day,"Coffee, Energy drink",25-48 oz (2 - 4 cups),12
140,CS10C,Sophomore,0,CS major,3.67 - 4.0,18 - 20,Male,More than 5+ hours,3 - 4 times,2,60+ minutes,5 - 6 hours,3,Multiple times per week,Coffee,Less than 12 oz (about 1 cup),12
141,CS111,Senior,0,CSBA major,3.67 - 4.0,20 - 22,Male,0 -1 hours,"0, I don't go to the gym",3,15 - 30 minutes,6 - 7 hours,3,I don't consume them at all,None,0 oz,12
142,CS111,Junior,1,CS major,3.34 - 3.66,20 - 22,Female,0 -1 hours,"0, I don't go to the gym",2,15 - 30 minutes,5 - 6 hours,3,I don't consume them at all,None,0 oz,13
143,CS10C,Junior,0,CSBA major,3.67 - 4.0,18 - 20,Female,2 - 3 hours,1 - 2 times,3,30 - 45 minutes,7 - 8 hours,3,Once per week,Tea,Less than 12 oz (about 1 cup),18
144,CS10C,Sophomore,0,CEN or EE major,3.67 - 4.0,18 - 20,Male,4 - 5 hours,3 - 4 times,3,45 - 60 minutes,5 - 6 hours,2,Once per day,"Tea, Coffee, Energy drink",25-48 oz (2 - 4 cups),17
145,CS10C,Sophomore,0,CSBA major,3.67 - 4.0,18 - 20,Male,2 - 3 hours,"0, I don't go to the gym",2,30 - 45 minutes,7 - 8 hours,3,Multiple times per week,"Tea, Coffee, Energy drink",Less than 12 oz (about 1 cup),16
146,CS10C,Sophomore,0,CS major,3.67 - 4.0,18 - 20,Male,4 - 5 hours,5 - 6 times,4,15 - 30 minutes,5 - 6 hours,3,Once per week,"Tea, Coffee, Energy drink",12-24 oz (1 - 2 cups),12
147,CS10C,Sophomore,0,CSBA major,3.34 - 3.66,18 - 20,Male,More than 5+ hours,5 - 6 times,5,0 - 15 minutes,7 - 8 hours,4,Multiple times per week,"Tea, Coffee",12-24 oz (1 - 2 cups),21
148,CS10C,Senior,1,Data Science major,2.00 - 2.49,22 - 24,Male,More than 5+ hours,3 - 4 times,3,60+ minutes,8 - 9 hours,2,Once per week,Tea,Less than 12 oz (about 1 cup),12
149,CS10C,Junior,0,CS major,3.67 - 4.0,18 - 20,Male,2 - 3 hours,1 - 2 times,4,15 - 30 minutes,6 - 7 hours,3,Once per day,Coffee,12-24 oz (1 - 2 cups),16 units
150,CS10C,Junior,0,Data Science major,2.50 - 2.99,20 - 22,Male,More than 5+ hours,3 - 4 times,2,30 - 45 minutes,6 - 7 hours,3,Once per day,"Coffee, Energy drink",25-48 oz (2 - 4 cups),16
151,CS111,Senior,0,CSBA major,3.00 - 3.33,20 - 22,Male,More than 5+ hours,5 - 6 times,4,45 - 60 minutes,4 - 5 hours,3,Once per week,Energy drink,12-24 oz (1 - 2 cups),16
152,CS10C,Sophomore,0,CS major,3.34 - 3.66,18 - 20,Male,2 - 3 hours,1 - 2 times,2,0 - 15 minutes,6 - 7 hours,2,Multiple times per week,Coffee,Less than 12 oz (about 1 cup),17
153,CS105,Junior,0,CS major,3.67 - 4.0,18 - 20,Male,More than 5+ hours,5 - 6 times,4,15 - 30 minutes,5 - 6 hours,3,A couple of times a quarter,Energy drink,0 oz,17
154,CS10C,Sophomore,0,CS major,3.34 - 3.66,18 - 20,Male,4 - 5 hours,3 - 4 times,3,15 - 30 minutes,5 - 6 hours,3,I don't consume them at all,None,0 oz,16
155,CS10C,Junior,1,CS major,3.67 - 4.0,20 - 22,Female,2 - 3 hours,"0, I don't go to the gym",2,60+ minutes,4 - 5 hours,2,Multiple times per week,"Tea, Coffee, Energy drink",12-24 oz (1 - 2 cups),16
156,CS10C,Junior,0,Data Science major,3.00 - 3.33,18 - 20,Female,More than 5+ hours,1 - 2 times,2,15 - 30 minutes,5 - 6 hours,3,Once per day,Coffee,Less than 12 oz (about 1 cup),13
157,CS10C,Junior,1,CS major,Prefer not to say,18 - 20,Female,0 -1 hours,"0, I don't go to the gym",3,15 - 30 minutes,4 - 5 hours,3,I don't consume them at all,Tea,0 oz,13
158,CS10C,Sophomore,0,CS major,2.50 - 2.99,18 - 20,Male,2 - 3 hours,1 - 2 times,4,15 - 30 minutes,6 - 7 hours,3,Multiple times per week,"Tea, Coffee",12-24 oz (1 - 2 cups),12
159,CS10C,Sophomore,0,CS major,3.00 - 3.33,18 - 20,Female,2 - 3 hours,"0, I don't go to the gym",3,0 - 15 minutes,5 - 6 hours,3,Multiple times per week,"Tea, Coffee",12-24 oz (1 - 2 cups),17
160,CS10C,Extension ,0,Other,Prefer not to say,26+,Male,2 - 3 hours,3 - 4 times,2,0 - 15 minutes,5 - 6 hours,4,Once per day,Coffee,12-24 oz (1 - 2 cups),8
161,CS10C,Junior,0,Other,3.34 - 3.66,20 - 22,Female,0 -1 hours,"0, I don't go to the gym",3,15 - 30 minutes,7 - 8 hours,4,I don't consume them at all,None,0 oz,12
162,CS10C,Junior,1,CS major,Prefer not to say,22 - 24,Male,0 -1 hours,"0, I don't go to the gym",3,30 - 45 minutes,5 - 6 hours,3,Once per week,Coffee,12-24 oz (1 - 2 cups),13
163,CS111,Junior,0,CS major,3.67 - 4.0,18 - 20,Male,More than 5+ hours,3 - 4 times,4,30 - 45 minutes,4 - 5 hours,3,Multiple times per week,"Tea, Coffee, Energy drink",12-24 oz (1 - 2 cups),18
164,CS10C,Sophomore,0,CS major,3.34 - 3.66,18 - 20,Male,4 - 5 hours,3 - 4 times,3,0 - 15 minutes,5 - 6 hours,3,Once per week,"Tea, Coffee, Energy drink",12-24 oz (1 - 2 cups),16
165,CS10C,Sophomore,0,Data Science major,Prefer not to say,18 - 20,Male,0 -1 hours,"0, I don't go to the gym",2,15 - 30 minutes,4 - 5 hours,2,Once per week,Energy drink,Less than 12 oz (about 1 cup),17
166,CS111,Junior,0,CS major,3.34 - 3.66,18 - 20,Male,0 -1 hours,"0, I don't go to the gym",4,15 - 30 minutes,5 - 6 hours,3,I don't consume them at all,None,0 oz,18
167,CS10C,Sophomore,0,CSBA major,3.00 - 3.33,18 - 20,Male,4 - 5 hours,3 - 4 times,4,60+ minutes,6 - 7 hours,3,I don't consume them at all,None,0 oz,16
168,CS10C,Sophomore,0,CS major,3.00 - 3.33,18 - 20,Male,4 - 5 hours,3 - 4 times,3,30 - 45 minutes,6 - 7 hours,4,I don't consume them at all,None,0 oz,13
169,CS10C,Sophomore,0,Other,3.00 - 3.33,18 - 20,Male,More than 5+ hours,"0, I don't go to the gym",4,30 - 45 minutes,6 - 7 hours,3,Once per week,Tea,Less than 12 oz (about 1 cup),12
170,CS10C,Junior,0,CEN or EE major,3.34 - 3.66,20 - 22,Female,4 - 5 hours,"0, I don't go to the gym",2,30 - 45 minutes,4 - 5 hours,3,Once per week,"Tea, Coffee",12-24 oz (1 - 2 cups),13
171,CS10C,Sophomore,0,CS major,3.34 - 3.66,18 - 20,Male,4 - 5 hours,3 - 4 times,2,60+ minutes,4 - 5 hours,3,Once per week,"Coffee, Energy drink",Less than 12 oz (about 1 cup),13
172,CS10C,Sophomore,0,Data Science major,3.67 - 4.0,18 - 20,Female,0 -1 hours,"0, I don't go to the gym",3,30 - 45 minutes,6 - 7 hours,2,Once per week,Energy drink,Less than 12 oz (about 1 cup),17
173,CS10C,Junior,1,CS major,3.34 - 3.66,20 - 22,Male,0 -1 hours,"0, I don't go to the gym",2,15 - 30 minutes,0 - 3 hours,2,I don't consume them at all,None,0 oz,13
174,CS10C,Sophomore,0,Data Science major,3.67 - 4.0,18 - 20,Female,2 - 3 hours,"0, I don't go to the gym",3,30 - 45 minutes,6 - 7 hours,3,I don't consume them at all,None,0 oz,18
175,CS10C,Sophomore,0,Other,3.00 - 3.33,18 - 20,Female,0 -1 hours,"0, I don't go to the gym",3,15 - 30 minutes,5 - 6 hours,3,I don't consume them at all,None,0 oz,13
176,CS10C,Sophomore,1,CS major,3.67 - 4.0,20 - 22,Male,0 -1 hours,"0, I don't go to the gym",4,0 - 15 minutes,7 - 8 hours,4,Once per week,Other,Less than 12 oz (about 1 cup),13
177,CS105,Junior,1,CEN or EE major,Prefer not to say,20 - 22,Male,More than 5+ hours,5 - 6 times,3,15 - 30 minutes,6 - 7 hours,3,I don't consume them at all,None,0 oz,16
178,CS10C,Sophomore,0,Other,3.34 - 3.66,18 - 20,Male,0 -1 hours,"0, I don't go to the gym",4,15 - 30 minutes,6 - 7 hours,3,Multiple times per week,"Tea, Coffee",12-24 oz (1 - 2 cups),17
179,CS10C,Sophomore,0,CS major,2.50 - 2.99,18 - 20,Male,2 - 3 hours,1 - 2 times,2,30 - 45 minutes,6 - 7 hours,3,Once per week,Coffee,Less than 12 oz (about 1 cup),16
180,CS10C,Senior,1,Other,3.34 - 3.66,22 - 24,Female,0 -1 hours,"0, I don't go to the gym",3,0 - 15 minutes,5 - 6 hours,2,Once per week,"Tea, Coffee",0 oz,16
181,CS10C,Junior,1,CS major,3.67 - 4.0,20 - 22,Male,0 -1 hours,"0, I don't go to the gym",3,30 - 45 minutes,6 - 7 hours,3,I don't consume them at all,Coffee,0 oz,16
182,CS10C,Junior,0,Data Science major,3.34 - 3.66,18 - 20,Male,2 - 3 hours,3 - 4 times,4,0 - 15 minutes,5 - 6 hours,3,I don't consume them at all,None,0 oz,17
183,CS10C,Freshman,0,CS major,3.67 - 4.0,Younger than 18,Male,More than 5+ hours,5 - 6 times,4,0 - 15 minutes,7 - 8 hours,4,I don't consume them at all,None,0 oz,18
184,CS111,Junior,0,CS major,3.34 - 3.66,18 - 20,Male,0 -1 hours,"0, I don't go to the gym",3,0 - 15 minutes,6 - 7 hours,3,Once per week,Tea,0 oz,12
185,CS10C,Sophomore,0,CS major,3.00 - 3.33,18 - 20,Female,0 -1 hours,1 - 2 times,3,30 - 45 minutes,4 - 5 hours,2,Once per week,Other,12-24 oz (1 - 2 cups),16
186,CS111,Sophomore,0,CS major,3.00 - 3.33,18 - 20,Male,4 - 5 hours,3 - 4 times,3,30 - 45 minutes,7 - 8 hours,2,Once per week,Energy drink,25-48 oz (2 - 4 cups),14
187,CS10C,Sophomore,0,Other,3.34 - 3.66,18 - 20,Male,0 -1 hours,3 - 4 times,3,30 - 45 minutes,6 - 7 hours,3,Once per week,Energy drink,25-48 oz (2 - 4 cups),17
188,CS105,Senior,1,CS major,3.00 - 3.33,20 - 22,Female,2 - 3 hours,1 - 2 times,4,0 - 15 minutes,5 - 6 hours,4,I don't consume them at all,None,0 oz,12
189,CS105,Junior,1,CS major,3.00 - 3.33,26+,Male,More than 5+ hours,3 - 4 times,3,60+ minutes,5 - 6 hours,3,I don't consume them at all,None,0 oz,13
190,CS10C,Sophomore,0,CS major,3.34 - 3.66,18 - 20,Male,2 - 3 hours,"0, I don't go to the gym",4,15 - 30 minutes,7 - 8 hours,4,I don't consume them at all,Tea,Less than 12 oz (about 1 cup),17
191,CS10C,Junior,0,Other,3.00 - 3.33,20 - 22,Female,0 -1 hours,"0, I don't go to the gym",3,45 - 60 minutes,5 - 6 hours,2,Once per week,Coffee,12-24 oz (1 - 2 cups),20
192,CS10C,Sophomore,0,Data Science major,3.67 - 4.0,18 - 20,Male,2 - 3 hours,"0, I don't go to the gym",3,15 - 30 minutes,6 - 7 hours,3,I don't consume them at all,None,0 oz,12
193,CS10C,Junior,0,CS major,2.50 - 2.99,20 - 22,Male,2 - 3 hours,1 - 2 times,2,60+ minutes,5 - 6 hours,2,Multiple times per week,"Tea, Coffee, Energy drink",Less than 12 oz (about 1 cup),12
194,CS10C,Sophomore,0,Data Science major,3.67 - 4.0,18 - 20,Female,2 - 3 hours,3 - 4 times,3,15 - 30 minutes,6 - 7 hours,4,Once per day,"Coffee, Energy drink",Less than 12 oz (about 1 cup),12
195,CS105,Freshman,0,CS major,3.00 - 3.33,20 - 22,Male,0 -1 hours,"0, I don't go to the gym",3,30 - 45 minutes,6 - 7 hours,3,Once per day,"Energy drink, None",25-48 oz (2 - 4 cups),18
196,CS10C,Sophomore,0,CEN or EE major,2.50 - 2.99,18 - 20,Female,4 - 5 hours,3 - 4 times,3,30 - 45 minutes,4 - 5 hours,3,Multiple times per week,Coffee,Less than 12 oz (about 1 cup),17
197,CS10C,Junior,0,CSBA major,3.34 - 3.66,18 - 20,Male,2 - 3 hours,1 - 2 times,4,45 - 60 minutes,5 - 6 hours,2,Multiple times per week,Energy drink,12-24 oz (1 - 2 cups),16
198,CS10C,Sophomore,0,Data Science major,2.50 - 2.99,18 - 20,Female,0 -1 hours,"0, I don't go to the gym",2,15 - 30 minutes,6 - 7 hours,2,Multiple times per week,"Tea, Coffee",12-24 oz (1 - 2 cups),12
199,CS111,Senior,0,Other,3.34 - 3.66,20 - 22,Male,0 -1 hours,"0, I don't go to the gym",2,30 - 45 minutes,6 - 7 hours,2,Once per day,Tea,Less than 12 oz (about 1 cup),17
200,CS10C,Junior,0,CS major,3.00 - 3.33,20 - 22,Male,4 - 5 hours,3 - 4 times,4,0 - 15 minutes,6 - 7 hours,4,Multiple times per week,"Tea, Coffee, Energy drink",12-24 oz (1 - 2 cups),18
201,CS111,Senior,0,Mathematics major,Prefer not to say,20 - 22,Male,2 - 3 hours,"0, I don't go to the gym",1,30 - 45 minutes,4 - 5 hours,1,Multiple times per week,"Coffee, Energy drink",12-24 oz (1 - 2 cups),17 units
202,CS10C,Sophomore,0,CS major,3.34 - 3.66,18 - 20,Male,2 - 3 hours,5 - 6 times,5,15 - 30 minutes,7 - 8 hours,4,Once per week,Coffee,Less than 12 oz (about 1 cup),13
203,"CS105, CS10C",Senior,1,Data Science major,3.00 - 3.33,20 - 22,Male,4 - 5 hours,1 - 2 times,5,0 - 15 minutes,7 - 8 hours,3,Multiple times per week,"Coffee, Energy drink",Less than 12 oz (about 1 cup),16
204,CS10C,Sophomore,0,CS major,Prefer not to say,18 - 20,Female,2 - 3 hours,"0, I don't go to the gym",3,60+ minutes,6 - 7 hours,2,Once per week,"Coffee, Energy drink",12-24 oz (1 - 2 cups),18
205,CS10C,Junior,0,CS major,3.00 - 3.33,20 - 22,Male,2 - 3 hours,3 - 4 times,3,0 - 15 minutes,5 - 6 hours,4,I don't consume them at all,None,0 oz,17
206,CS105,Junior,0,CS major,3.00 - 3.33,20 - 22,Male,0 -1 hours,1 - 2 times,3,15 - 30 minutes,4 - 5 hours,4,Once per day,"Tea, Coffee",12-24 oz (1 - 2 cups),12
207,CS111,Junior,0,Other,3.67 - 4.0,20 - 22,Female,4 - 5 hours,3 - 4 times,3,30 - 45 minutes,7 - 8 hours,4,Once per day,"Tea, Coffee",12-24 oz (1 - 2 cups),16
208,CS10C,Sophomore,0,CS major,3.00 - 3.33,18 - 20,Prefer not to say,2 - 3 hours,"0, I don't go to the gym",3,0 - 15 minutes,7 - 8 hours,4,I don't consume them at all,None,0 oz,16
209,CS105,Sophomore,0,CS major,2.50 - 2.99,20 - 22,Male,Prefer not to say,5 - 6 times,5,15 - 30 minutes,6 - 7 hours,4,Multiple times per week,Energy drink,Less than 12 oz (about 1 cup),12
210,CS10C,Sophomore,0,CSBA major,3.00 - 3.33,18 - 20,Female,0 -1 hours,1 - 2 times,2,15 - 30 minutes,5 - 6 hours,2,Once per week,"Tea, Coffee, Energy drink",12-24 oz (1 - 2 cups),16
211,CS10C,Junior,0,CSBA major,3.00 - 3.33,18 - 20,Female,0 -1 hours,"0, I don't go to the gym",3,0 - 15 minutes,6 - 7 hours,3,I don't consume them at all,None,0 oz,17
212,CS10C,Junior,1,Mathematics major,2.50 - 2.99,26+,Female,2 - 3 hours,"0, I don't go to the gym",3,15 - 30 minutes,5 - 6 hours,2,Once per day,Other,25-48 oz (2 - 4 cups),8
213,CS10C,Junior,1,CS major,Prefer not to say,20 - 22,Male,More than 5+ hours,5 - 6 times,3,30 - 45 minutes,5 - 6 hours,3,Multiple times per week,"Coffee, Energy drink",12-24 oz (1 - 2 cups),13
214,CS10C,Junior,1,CSBA major,Prefer not to say,24 - 26,Male,More than 5+ hours,5 - 6 times,4,30 - 45 minutes,6 - 7 hours,4,Multiple times per week,"Tea, Energy drink",12-24 oz (1 - 2 cups),13
215,CS10C,Sophomore,0,CS major,3.00 - 3.33,18 - 20,Male,4 - 5 hours,3 - 4 times,3,15 - 30 minutes,5 - 6 hours,3,Multiple times per week,Coffee,Less than 12 oz (about 1 cup),12
216,CS10C,Junior,0,CEN or EE major,3.34 - 3.66,20 - 22,Male,2 - 3 hours,1 - 2 times,4,30 - 45 minutes,6 - 7 hours,4,I don't consume them at all,None,0 oz,16
217,CS105,Senior,0,Other,3.34 - 3.66,20 - 22,Male,Prefer not to say,"0, I don't go to the gym",3,60+ minutes,5 - 6 hours,3,Multiple times per week,Tea,Less than 12 oz (about 1 cup),17
218,CS105,Senior,0,CS major,3.34 - 3.66,20 - 22,Male,More than 5+ hours,3 - 4 times,2,15 - 30 minutes,7 - 8 hours,2,Once per week,"Tea, Coffee, Energy drink",Less than 12 oz (about 1 cup),17
219,CS10C,Senior,0,Mathematics major,3.00 - 3.33,18 - 20,Female,0 -1 hours,"0, I don't go to the gym",3,15 - 30 minutes,5 - 6 hours,2,Once per day,"Tea, Coffee, Energy drink",25-48 oz (2 - 4 cups),17
220,CS105,Junior,0,CS major,3.67 - 4.0,18 - 20,Female,0 -1 hours,"0, I don't go to the gym",3,30 - 45 minutes,9 - 10 hours,2,Once per day,Coffee,12-24 oz (1 - 2 cups),16
221,CS105,Junior,0,Other,2.50 - 2.99,20 - 22,Male,More than 5+ hours,3 - 4 times,3,15 - 30 minutes,6 - 7 hours,3,I don't consume them at all,None,0 oz,12
222,CS105,Junior,0,Other,3.34 - 3.66,18 - 20,Female,2 - 3 hours,"0, I don't go to the gym",3,60+ minutes,6 - 7 hours,3,Multiple times per week,Coffee,12-24 oz (1 - 2 cups),13
223,CS105,Senior,0,Other,3.67 - 4.0,22 - 24,Male,0 -1 hours,1 - 2 times,4,15 - 30 minutes,7 - 8 hours,4,Once per week,Tea,Less than 12 oz (about 1 cup),16
224,CS105,Senior,0,CS major,3.00 - 3.33,20 - 22,Male,0 -1 hours,"0, I don't go to the gym",4,30 - 45 minutes,7 - 8 hours,3,"Rarely, usually for tests or assignments",Tea,0 oz,17
225,CS105,Senior,0,Data Science major,3.00 - 3.33,20 - 22,Male,2 - 3 hours,1 - 2 times,4,15 - 30 minutes,7 - 8 hours,4,Once per day,Tea,12-24 oz (1 - 2 cups),17
226,CS111,Sophomore,0,Data Science major,3.67 - 4.0,18 - 20,Male,More than 5+ hours,3 - 4 times,2,45 - 60 minutes,5 - 6 hours,1,Once per day,"Tea, Coffee, Energy drink",49-72 oz (4 - 6 cups),12
227,CS111,Junior,1,CS major,3.67 - 4.0,18 - 20,Male,2 - 3 hours,1 - 2 times,3,15 - 30 minutes,4 - 5 hours,3,Once per week,Other,Less than 12 oz (about 1 cup),20
228,CS105,Senior,0,Other,2.50 - 2.99,20 - 22,Female,4 - 5 hours,1 - 2 times,2,60+ minutes,5 - 6 hours,3,Multiple times per week,"Tea, Coffee, Energy drink",12-24 oz (1 - 2 cups),16
229,CS105,Junior,0,Data Science major,3.00 - 3.33,20 - 22,Male,More than 5+ hours,3 - 4 times,5,30 - 45 minutes,4 - 5 hours,3,I don't consume them at all,None,0 oz,16
230,CS111,Senior,0,CEN or EE major,2.50 - 2.99,22 - 24,Male,2 - 3 hours,1 - 2 times,4,45 - 60 minutes,6 - 7 hours,3,Once per week,Other,12-24 oz (1 - 2 cups),13
231,CS105,Senior,0,CS major,3.67 - 4.0,18 - 20,Female,0 -1 hours,"0, I don't go to the gym",3,30 - 45 minutes,5 - 6 hours,2,Once per week,"Tea, Coffee, Energy drink",Less than 12 oz (about 1 cup),16
232,CS105,Senior,1,CS major,3.00 - 3.33,20 - 22,Prefer not to say,0 -1 hours,"0, I don't go to the gym",3,15 - 30 minutes,6 - 7 hours,3,I don't consume them at all,None,0 oz,16
233,CS105,Junior,0,CS major,3.67 - 4.0,18 - 20,Male,More than 5+ hours,3 - 4 times,5,30 - 45 minutes,6 - 7 hours,5,I don't consume them at all,None,0 oz,16
234,"CS105, CS111",Senior,0,Other,3.67 - 4.0,20 - 22,Female,4 - 5 hours,1 - 2 times,4,15 - 30 minutes,6 - 7 hours,3,Multiple times per week,"Tea, Coffee",Less than 12 oz (about 1 cup),17
235,CS105,Senior,0,CS major,2.50 - 2.99,20 - 22,Male,More than 5+ hours,More than 6 times,1,0 - 15 minutes,6 - 7 hours,1,Once per day,"Tea, Coffee",More than 72 oz (over 6 cups),16
236,CS105,Sophomore,0,CS major,2.50 - 2.99,18 - 20,Male,2 - 3 hours,1 - 2 times,4,0 - 15 minutes,5 - 6 hours,3,Multiple times per week,Coffee,Less than 12 oz (about 1 cup),18
237,CS10C,Sophomore,0,Data Science major,3.34 - 3.66,18 - 20,Male,0 -1 hours,"0, I don't go to the gym",3,0 - 15 minutes,8 - 9 hours,3,Multiple times per week,"Tea, Coffee",Less than 12 oz (about 1 cup),17
238,CS105,Senior,0,Data Science major,3.00 - 3.33,20 - 22,Male,More than 5+ hours,5 - 6 times,3,30 - 45 minutes,5 - 6 hours,3,Once per day,"Tea, Energy drink",12-24 oz (1 - 2 cups),13
